Country/Region,1/22/2020,1/23/2020,1/24/2020,1/25/2020,1/26/2020,1/27/2020,1/28/2020,1/29/2020,1/30/2020,1/31/2020,2/1/2020,2/2/2020,2/3/2020,2/4/2020,2/5/2020,2/6/2020,2/7/2020,2/8/2020,2/9/2020,2/10/2020,2/11/2020,2/12/2020,2/13/2020,2/14/2020,2/15/2020,2/16/2020,2/17/2020,2/18/2020,2/19/2020,2/20/2020,2/21/2020,2/22/2020,2/23/2020,2/24/2020,2/25/2020,2/26/2020,2/27/2020,2/28/2020,2/29/2020,3/1/2020,3/2/2020,3/3/2020,3/4/2020,3/5/2020,3/6/2020,3/7/2020,3/8/2020,3/9/2020,3/10/2020,3/11/2020,3/12/2020,3/13/2020,3/14/2020,3/15/2020,3/16/2020,3/17/2020,3/18/2020,3/19/2020,3/20/2020,3/21/2020,3/22/2020,3/23/2020,3/24/2020,3/25/2020,3/26/2020,3/27/2020,3/28/2020,3/29/2020,3/30/2020,3/31/2020,4/1/2020,4/2/2020,4/3/2020,4/4/2020,4/5/2020,4/6/2020,4/7/2020,4/8/2020,4/9/2020,4/10/2020,4/11/2020,4/12/2020,4/13/2020,4/14/2020,4/15/2020,4/16/2020,4/17/2020,4/18/2020,4/19/2020,4/20/2020,4/21/2020,4/22/2020,4/23/2020,4/24/2020,4/25/2020,4/26/2020,4/27/2020,4/28/2020,4/29/2020,4/30/2020,5/1/2020,5/2/2020,5/3/2020,5/4/2020,5/5/2020,5/6/2020,5/7/2020,5/8/2020,5/9/2020,5/10/2020,5/11/2020,5/12/2020,5/13/2020,5/14/2020,5/15/2020,5/16/2020,5/17/2020,5/18/2020,5/19/2020,5/20/2020,5/21/2020,5/22/2020,5/23/2020,5/24/2020,5/25/2020,5/26/2020,5/27/2020,5/28/2020,5/29/2020,5/30/2020,5/31/2020,6/1/2020,6/2/2020,6/3/2020,6/4/2020,6/5/2020,6/6/2020,6/7/2020,6/8/2020,6/9/2020,6/10/2020,6/11/2020,6/12/2020,6/13/2020,6/14/2020,6/15/2020,6/16/2020,6/17/2020,6/18/2020,6/19/2020,6/20/2020,6/21/2020,6/22/2020,6/23/2020,6/24/2020,6/25/2020,6/26/2020,6/27/2020,6/28/2020,6/29/2020
Austria,0.0,0.0,0.0,0.0,0.0,0.0,0.0,0.0,0.0,0.0,0.0,0.0,0.0,0.0,0.0,0.0,0.0,0.0,0.0,0.0,0.0,0.0,0.0,0.0,0.0,0.0,0.0,0.0,0.0,0.0,0.0,0.0,0.0,0.0,0.0,0.0,0.0,0.0,0.0,0.0,0.0,0.0,0.0,0.0,0.0,0.0,0.0,0.0,0.0,0.0,1.1116024393893213e-05,1.1116024393893213e-05,1.1116024393893213e-05,1.1116024393893213e-05,3.3348073181679636e-05,3.3348073181679636e-05,4.446409757557285e-05,6.669614636335927e-05,6.669614636335927e-05,8.89281951511457e-05,0.0001778563903022914,0.00023343651227175746,0.0003112486830290099,0.00033348073181679633,0.0005446851953007674,0.0006447294148458063,0.0007558896587847384,0.0009559780978748162,0.0012005306345404668,0.0014228511224183313,0.0016229395615084089,0.0017563318542351274,0.0018674920981740597,0.0020675805372641375,0.0022676689763542154,0.002445525366656507,0.0027011939277160504,0.003034674659532847,0.0032792271961984976,0.0035460117816519345,0.0037461002207420124,0.0038906085378626245,0.004090696976952702,0.004268553367254993,0.004368597586800032,0.004557570001496217,0.004791006513767974,0.004924398806494693,0.005024443026039732,0.00522453146512981,0.005457967977401567,0.005669172440885538,0.0058025647336122565,0.005891492928763403,0.005958189075126762,0.006024885221490121,0.006102697392247373,0.006325017880125237,0.006447294148458064,0.0064917582460336356,0.006547338368003101,0.006625150538760354,0.006647382587548141,0.0066696146363359275,0.006736310782699287,0.006758542831487072,0.006769658855880966,0.0068252389778504325,0.006836355002244325,0.006869703075426005,0.006891935124213791,0.0069252831973954715,0.006936399221789364,0.006958631270577151,0.006980863319364938,0.00699197934375883,0.00699197934375883,0.00699197934375883,0.0070253274169405095,0.007036443441334404,0.007036443441334404,0.00705867549012219,0.007103139587697762,0.007114255612091656,0.007125371636485548,0.007147603685273335,0.007169835734061122,0.007425504295120665,0.007425504295120665,0.007425504295120665,0.007425504295120665,0.007425504295120665,0.0074366203195145595,0.007447736343908452,0.007447736343908452,0.007469968392696239,0.007469968392696239,0.007469968392696239,0.007469968392696239,0.007469968392696239,0.007481084417090131,0.007492200441484025,0.007503316465877917,0.007525548514665704,0.007525548514665704,0.007536664539059598,0.007570012612241278,0.0076367087586046364,0.00764782478299853,0.00764782478299853,0.00764782478299853,0.007670056831786317,0.007670056831786317,0.007703404904967996,0.007703404904967996,0.007758985026937462,0.007758985026937462,0.007781217075725249,0.007803449124513036,0.007814565148906927
Canada,0.0,0.0,0.0,0.0,0.0,0.0,0.0,0.0,0.0,0.0,0.0,0.0,0.0,0.0,0.0,0.0,0.0,0.0,0.0,0.0,0.0,0.0,0.0,0.0,0.0,0.0,0.0,0.0,0.0,0.0,0.0,0.0,0.0,0.0,0.0,0.0,0.0,0.0,0.0,0.0,0.0,0.0,0.0,0.0,0.0,0.0,0.0,2.65429623060738e-06,2.65429623060738e-06,2.65429623060738e-06,2.65429623060738e-06,2.65429623060738e-06,2.65429623060738e-06,2.65429623060738e-06,1.061718492242952e-05,1.32714811530369e-05,2.123436984485904e-05,2.388866607546642e-05,3.1851554767288555e-05,5.0431628381540214e-05,5.574022084275498e-05,6.63574057651845e-05,6.901170199579188e-05,7.96288869182214e-05,0.00010086325676308043,0.00014333199645279852,0.00016191207006705018,0.00016987495875887232,0.0002123436984485904,0.0002680839192913454,0.00028931828913620445,0.0003689471760544258,0.000475119025278721,0.0005786365782724089,0.0006874627237273114,0.0008998064221759018,0.0009953610864777676,0.0010802985658572037,0.001335111003995512,0.0014784430004483105,0.0017359097348172265,0.0018951675086536692,0.0020730053561043636,0.0023915209037772495,0.002675530600452239,0.0033417589543346914,0.0035992256887036073,0.003718669019080939,0.00415397360090055,0.004583969590258945,0.005069705800460096,0.0055156275672021355,0.005948277852791139,0.006375619545918927,0.006824195608891573,0.00713209397164203,0.007540855591155566,0.007917765655901816,0.008374304607566283,0.008785720523310427,0.009388245767658303,0.009778427313557589,0.010073054195155006,0.010625147811121342,0.011121501206244923,0.01158865734283182,0.012053159183188113,0.012467229395162862,0.012801670720219394,0.013247592486961434,0.013576725219556747,0.014067770022219112,0.014399557051045037,0.01484282452155647,0.01507374829361931,0.015394918137522803,0.015668310649275364,0.015819605534419984,0.016000097678101285,0.016323921818235387,0.01663447447721645,0.01688132402666294,0.01716267942710732,0.01734317157078862,0.017664341414692114,0.017924462445291636,0.018250940881656345,0.01853229628210073,0.018747294276779923,0.019002106714918233,0.01957278040449882,0.019652409291417042,0.01984882721248199,0.020116911131773333,0.02048320401159715,0.0206451160816642,0.02083622541026793,0.02090789140849433,0.020995483184104376,0.02115474095794082,0.02133523310162212,0.021422824877232162,0.021566156873684964,0.02172010605506019,0.02181300642313145,0.021839549385437522,0.021953684123353637,0.022062510268808542,0.022192570784108304,0.022317322706946852,0.02247127188832208,0.022513740628011796,0.022545592182779087,0.022593369514930017,0.022678306994309453,0.022739355807613423,0.022749972992535852,0.022763244473688892,0.022779170251072536,0.022901267877680473
China,1.1820271456970088e-06,1.251558154267421e-06,1.8078062228307193e-06,2.920302359957316e-06,3.893736479943088e-06,5.7015427027738074e-06,9.108562122724007e-06,9.247624139864833e-06,1.18898024655405e-05,1.4810104825497814e-05,1.8008531219736783e-05,2.5100694093918832e-05,2.9550678642425218e-05,3.4139725208072433e-05,3.9145957825142116e-05,4.401312842507097e-05,4.992326415355601e-05,5.597246189918189e-05,6.292556275622312e-05,7.036538067325723e-05,7.731848153029846e-05,7.766613657315052e-05,9.518795073289441e-05,0.00010575666403559708,0.00011563006725259561,0.00012279176113534808,0.0001296057999752485,0.0001392706101665358,0.0001471276141349924,0.00015561039718058268,0.00015561039718058268,0.0001698642539375172,0.00017000331595465803,0.00018043296724021987,0.00018530013784014872,0.00018891575028581015,0.00019093214953435213,0.00019399151391145025,0.00019725947131425965,0.00019969305661422405,0.0002026133589741814,0.00020490788225700497,0.00020741099856553985,0.00020963599083979303,0.00021165239008833498,0.00021359925832830653,0.00021554612656827805,0.00021714533976539756,0.00021825783590252417,0.00021978751809107323,0.00022055235918534775,0.00022110860725391103,0.00022201251036532642,0.00022270782045103057,0.0002236812545710163,0.0002245851576824317,0.0002253499987767062,0.0002259062468452695,0.00022618437087955115,0.00022660155693097364,0.00022764452205952982,0.00022764452205952982,0.0002281312391195227,0.00022840936315380437,0.00022882654920522682,0.00022917420424807888,0.0002293827972737901,0.00022973045231664216,0.00023000857635092383,0.00023007810735949422,0.0002305648244194871,0.0002309820104709096,0.00023126013450519122,0.0002315382585394729,0.00023174685156518416,0.00023188591358232495,0.00023188591358232495,0.00023202497559946577,0.00023216403761660662,0.000232233568625177,0.00023244216165088823,0.00023244216165088823,0.00023258122366802907,0.00023258122366802907,0.0002326507546765995,0.0002326507546765995,0.00032234575573243136,0.00032234575573243136,0.00032234575573243136,0.00032234575573243136,0.00032234575573243136,0.00032234575573243136,0.00032234575573243136,0.00032234575573243136,0.00032234575573243136,0.00032241528674100176,0.00032241528674100176,0.00032241528674100176,0.00032241528674100176,0.00032241528674100176,0.00032241528674100176,0.00032241528674100176,0.00032241528674100176,0.00032241528674100176,0.00032241528674100176,0.00032241528674100176,0.00032241528674100176,0.00032241528674100176,0.00032241528674100176,0.00032241528674100176,0.00032241528674100176,0.00032241528674100176,0.00032241528674100176,0.00032241528674100176,0.00032241528674100176,0.00032248481774957216,0.00032248481774957216,0.00032248481774957216,0.00032248481774957216,0.00032248481774957216,0.00032248481774957216,0.00032248481774957216,0.00032248481774957216,0.00032248481774957216,0.00032248481774957216,0.00032248481774957216,0.00032248481774957216,0.00032248481774957216,0.00032248481774957216,0.00032248481774957216,0.00032248481774957216,0.00032248481774957216,0.00032248481774957216,0.00032248481774957216,0.00032248481774957216,0.00032248481774957216,0.00032248481774957216,0.00032248481774957216,0.00032248481774957216,0.00032248481774957216,0.00032248481774957216,0.00032248481774957216,0.00032248481774957216,0.00032248481774957216,0.00032248481774957216,0.00032248481774957216,0.00032248481774957216,0.00032248481774957216,0.00032248481774957216,0.00032248481774957216,0.00032255434875814255,0.00032255434875814255,0.00032255434875814255,0.00032262387976671295,0.00032262387976671295,0.0003226934107752834,0.0003226934107752834,0.0003226934107752834,0.0003226934107752834,0.0003226934107752834
Czech Republic,0.0,0.0,0.0,0.0,0.0,0.0,0.0,0.0,0.0,0.0,0.0,0.0,0.0,0.0,0.0,0.0,0.0,0.0,0.0,0.0,0.0,0.0,0.0,0.0,0.0,0.0,0.0,0.0,0.0,0.0,0.0,0.0,0.0,0.0,0.0,0.0,0.0,0.0,0.0,0.0,0.0,0.0,0.0,0.0,0.0,0.0,0.0,0.0,0.0,0.0,0.0,0.0,0.0,0.0,0.0,0.0,0.0,0.0,0.0,0.0,9.341418767209229e-06,9.341418767209229e-06,2.8024256301627685e-05,5.604851260325537e-05,8.407276890488306e-05,8.407276890488306e-05,0.00010275560643930153,0.00014946270027534766,0.00021485263164581226,0.0002895839817834861,0.0003643153319211599,0.0004110224257572061,0.000495095194662089,0.0005511437072653445,0.0006258750574030183,0.0007286306638423198,0.0008220448515144122,0.0009248004579537136,0.0010462389019274337,0.001111628833297898,0.0012050430209699905,0.0012891157898748736,0.0013358228837109197,0.0015039684215206858,0.001550675515356732,0.0015786997716583596,0.0016160654467271965,0.0016907967968648701,0.0017375038907009165,0.0018122352408385903,0.0018776251722090551,0.0019430151035795197,0.0019616979411139377,0.0019990636161827747,0.002036429291251612,0.0020551121287860304,0.002083136385087658,0.002120502060156495,0.002120502060156495,0.002204574829061378,0.0022419405041302146,0.002288647597966261,0.002316671854267889,0.0023540375293367257,0.002400744623172772,0.002447451717008818,0.002522183067146492,0.0025502073234481195,0.002578231579749747,0.002615597254818584,0.0026342800923530025,0.0026436215111202118,0.0027090114424906764,0.002737035698792304,0.0027557185363267225,0.0027650599550939317,0.00278374279262835,0.002774401373861141,0.002821108467697187,0.0028397913052316055,0.002858474142766024,0.0029145226553692794,0.002933205492903698,0.002942546911670907,0.0029612297492053255,0.0029612297492053255,0.0029612297492053255,0.002979912586739744,0.002979912586739744,0.002979912586739744,0.002989254005506953,0.0029985954242741624,0.003017278261808581,0.0030359610993429993,0.0030453025181102085,0.003054643936877418,0.003054643936877418,0.003054643936877418,0.003063985355644627,0.003063985355644627,0.0030826681931790455,0.003063985355644627,0.0030733267744118367,0.003063985355644627,0.0030733267744118367,0.0030826681931790455,0.003092009611946255,0.0031106924494806736,0.0031200338682478824,0.003129375287015091,0.003138716705782301,0.003138716705782301,0.003138716705782301,0.003166740962083928,0.0032041066371527654,0.003222789474687184,0.0032601551497560208,0.0032601551497560208,0.003250813730988812,0.003250813730988812
Denmark,0.0,0.0,0.0,0.0,0.0,0.0,0.0,0.0,0.0,0.0,0.0,0.0,0.0,0.0,0.0,0.0,0.0,0.0,0.0,0.0,0.0,0.0,0.0,0.0,0.0,0.0,0.0,0.0,0.0,0.0,0.0,0.0,0.0,0.0,0.0,0.0,0.0,0.0,0.0,0.0,0.0,0.0,0.0,0.0,0.0,0.0,0.0,0.0,0.0,0.0,0.0,0.0,1.7276802713425527e-05,3.4553605426851054e-05,5.1830408140276584e-05,6.910721085370211e-05,6.910721085370211e-05,0.00010366081628055317,0.00015549122442082974,0.00022459843527453184,0.00022459843527453184,0.00041464326512221267,0.0005528576868296169,0.0005874112922564679,0.0007083489112504467,0.0008983937410981274,0.0011229921763726593,0.001243929795366638,0.0013303138089337655,0.0015549122442082976,0.0017967874821962547,0.00212504673375134,0.0024014755771661483,0.0027815652368615097,0.0030925476857031693,0.0032307621074105734,0.0035071909508253823,0.0037663429915267646,0.00409460224308185,0.004267370270216105,0.004491968705490637,0.004716567140765169,0.004923888773326275,0.005165764011314232,0.0053385320384484874,0.005545853671009594,0.005805005711710977,0.005977773738845232,0.006133264963266062,0.0062887561876868925,0.0063924170039674445,0.006634292241955403,0.006807060269089657,0.006962551493510488,0.00722170353421187,0.007290810745065573,0.0073771947586327,0.007498132377626679,0.007653623602047508,0.007809114826468337,0.007947329248175743,0.008206481288877125,0.008361972513297955,0.008517463737718785,0.00869023176485304,0.008742062172993316,0.00888027659470072,0.009018491016408125,0.009087598227261828,0.009139428635402104,0.009208535846255805,0.009104875029975253,0.009208535846255805,0.009277643057109507,0.009277643057109507,0.00938130387339006,0.009450411084243764,0.009467687886957189,0.009519518295097465,0.009571348703237743,0.009692286322231722,0.009692286322231722,0.009692286322231722,0.009709563124945147,0.009726839927658572,0.009726839927658572,0.009761393533085423,0.0098132239412257,0.0098132239412257,0.009865054349365975,0.009916884757506253,0.009951438362933104,0.010020545573786805,0.010020545573786805,0.010055099179213657,0.010124206390067359,0.010141483192780784,0.010176036798207637,0.010245144009061338,0.010245144009061338,0.010245144009061338,0.010245144009061338,0.010262420811774763,0.01031425121991504,0.01031425121991504,0.010331528022628465,0.010331528022628465,0.010331528022628465,0.010366081628055317,0.010366081628055317,0.010366081628055317,0.010366081628055317,0.010400635233482168,0.010417912036195593,0.010417912036195593,0.010417912036195593,0.010435188838909018,0.010435188838909018,0.010435188838909018,0.010452465641622444
Ecuador,0.0,0.0,0.0,0.0,0.0,0.0,0.0,0.0,0.0,0.0,0.0,0.0,0.0,0.0,0.0,0.0,0.0,0.0,0.0,0.0,0.0,0.0,0.0,0.0,0.0,0.0,0.0,0.0,0.0,0.0,0.0,0.0,0.0,0.0,0.0,0.0,0.0,0.0,0.0,0.0,0.0,0.0,0.0,0.0,0.0,0.0,0.0,0.0,0.0,0.0,0.0,0.0,1.1371696053214078e-05,1.1371696053214078e-05,1.1371696053214078e-05,1.1371696053214078e-05,1.1371696053214078e-05,1.705754407982112e-05,2.84292401330352e-05,3.980093618624928e-05,7.960187237249857e-05,0.00010234526447892671,0.00015351789671839007,0.00015920374474499713,0.00019331883290463935,0.00020469052895785342,0.0002729207052771379,0.00032977918554320834,0.00034115088159642235,0.000426438601995528,0.0005287838664744547,0.0006823017631928447,0.0008244479638580207,0.0009779658605764108,0.0010234526447892671,0.0010859969730819445,0.0010859969730819445,0.0013759752224389034,0.0015465506632371148,0.0016886968639022908,0.0017910421283812174,0.0018933873928601442,0.002018476049445499,0.0020980779218179976,0.0022061090343235314,0.002291396754722637,0.002393742019201564,0.00259274670013281,0.0026950919646117366,0.002882724949489769,0.0029566409738356605,0.0030533003902879804,0.003184074894899942,0.0032750484633256548,0.0032750484633256548,0.0032750484633256548,0.0037697172416404677,0.004952373631174731,0.005020603807494016,0.005117263223946336,0.006044056452283283,0.007795297644478251,0.00889266631361341,0.008921095553746445,0.008921095553746445,0.00919970210705019,0.009404392636008044,0.009688685037338395,0.009762601061684287,0.012093798752593173,0.0121961440170721,0.01323096835791458,0.013270769294100832,0.01329351268620726,0.014749089781018661,0.015283559495519723,0.01555648020079686,0.015914688626473106,0.016142122547537385,0.01642072910084113,0.01671070735019809,0.017375951569311113,0.017603385490375392,0.01767161566669468,0.018211771229222348,0.018211771229222348,0.018621152287138055,0.018837214512149123,0.018956617320707872,0.018956617320707872,0.019093077673346438,0.019093077673346438,0.019547945515475004,0.01982086622075214,0.01982086622075214,0.020093786926029276,0.0205145396799982,0.02058845570434409,0.020707858512902837,0.020980779218179976,0.02115135465897819,0.02115135465897819,0.021765426245851746,0.022026975255075673,0.022152063911661024,0.022339696896539057,0.02257281666562995,0.022783193042614405,0.02323806088474297,0.023630384398578855,0.023630384398578855,0.024011336216361527,0.024011336216361527,0.024301314465718486,0.024301314465718486,0.024693637979554373,0.025051846405230616,0.025154191669709544,0.02518262090984258,0.025597687815784895
France,0.0,0.0,0.0,0.0,0.0,0.0,0.0,0.0,0.0,0.0,0.0,0.0,0.0,0.0,0.0,0.0,0.0,0.0,0.0,0.0,0.0,0.0,0.0,0.0,1.5326932356791123e-06,1.5326932356791123e-06,1.5326932356791123e-06,1.5326932356791123e-06,1.5326932356791123e-06,1.5326932356791123e-06,1.5326932356791123e-06,1.5326932356791123e-06,1.5326932356791123e-06,1.5326932356791123e-06,1.5326932356791123e-06,3.0653864713582247e-06,3.0653864713582247e-06,3.0653864713582247e-06,3.0653864713582247e-06,3.0653864713582247e-06,4.598079707037336e-06,6.130772942716449e-06,6.130772942716449e-06,9.196159414074672e-06,1.3794239121112009e-05,1.6859625592470235e-05,2.912117147790313e-05,2.912117147790313e-05,5.05788767774107e-05,7.356927531259737e-05,7.356927531259737e-05,0.00012108276561864985,0.0001394750844467992,0.0001394750844467992,0.00022837129211618768,0.00022837129211618768,0.00022837129211618768,0.00037397714950570334,0.0006912446492912795,0.0008629062916873402,0.0010361006273190798,0.0013211815691553947,0.0016890279457183817,0.0020430800831602565,0.0026025131141831324,0.0030607883916511872,0.0035512502270685026,0.004001862038358162,0.00464406050410771,0.005413472508418624,0.006765307942287601,0.008273478086195848,0.009993159896627812,0.011608618567033597,0.012404086356351053,0.013680819821671755,0.015852646136629057,0.016686431256838493,0.018741772885884182,0.02025454110949947,0.021229334007391385,0.022089174912607364,0.022968940829887177,0.024110797290468115,0.026314810163374676,0.027468928169841048,0.028635307722192853,0.029619296779498844,0.03022471060759209,0.031063093807508567,0.03187695391565417,0.03271073903586361,0.03350160874547403,0.034099359107388885,0.03466492291135448,0.035035834674388824,0.0357056216183806,0.03626812003587483,0.03692258004750981,0.03736552839262108,0.03769965551799912,0.037954082595121855,0.03816406156840989,0.038630000312056344,0.039140387159537486,0.03956187779934924,0.039834697195300126,0.04020714165157015,0.040329757110424476,0.04043704563692202,0.040840143957905625,0.04137352120392195,0.04150073474248332,0.04203871006820669,0.04219811016471731,0.04219811016471731,0.04308553954817552,0.04328632236204949,0.04295372792990712,0.04312232418583182,0.04324953772439319,0.04336295702383344,0.043428862832967645,0.04348250709621641,0.043620449487427534,0.043732336093632106,0.04383349384718693,0.043934651600741746,0.044014351648997065,0.044101715163430776,0.04414922865373683,0.04419674214404288,0.04436074032026054,0.044484888472350555,0.04455232697472043,0.04462283086356167,0.04467034435386773,0.044690269365931554,0.044773034800658223,0.044906379112162303,0.04494163105658292,0.044983013773946263,0.045025929184545274,0.045062713822201575,0.045076508061322684,0.045120956165157385,0.045291085114317765,0.045334000524916776,0.045376915935515794,0.0453983736408153,0.04542289673258616,0.04543362558523592,0.04546887752965654,0.04555624104409025,0.04557310066968272,0.045605287227631984,0.045645137251759636,0.045645137251759636,0.045645137251759636,0.04569878151500841
Germany,0.0,0.0,0.0,0.0,0.0,0.0,0.0,0.0,0.0,0.0,0.0,0.0,0.0,0.0,0.0,0.0,0.0,0.0,0.0,0.0,0.0,0.0,0.0,0.0,0.0,0.0,0.0,0.0,0.0,0.0,0.0,0.0,0.0,0.0,0.0,0.0,0.0,0.0,0.0,0.0,0.0,0.0,0.0,0.0,0.0,0.0,0.0,2.388623758950218e-06,2.388623758950218e-06,3.582935638425327e-06,3.582935638425327e-06,8.360183156325763e-06,1.0748806915275982e-05,1.3137430674226197e-05,2.0303301951076852e-05,2.8663485107402615e-05,3.344073262530305e-05,5.254972269690479e-05,8.001889592483231e-05,0.00010032219787590916,0.00011226531667066024,0.00014690036117543843,0.00018750696507759213,0.00024602824717187246,0.00031888127181985414,0.00040845466278048733,0.0005171370438127222,0.0006365682317602331,0.0007703311622614452,0.0009255917065932094,0.0010987669291171002,0.0013221032505789457,0.001522747646330764,0.0017245863539620573,0.0018917900170885727,0.0021617045018499474,0.00240773274902182,0.002805438604887031,0.003113571069791609,0.0033046609705076266,0.0032676373022438986,0.003609210499773779,0.003814632143043498,0.003934063330991009,0.0045431623895233145,0.004839351735633142,0.005197645299475674,0.005325436670579511,0.00547711427927285,0.00580674435800798,0.006010971689398224,0.0063047724117491,0.006658288728073732,0.006879236425776629,0.0070189709156752165,0.007137207791743251,0.007316354573664518,0.0075408852070058385,0.007723614924565529,0.007909927577763647,0.008044884820144335,0.008135652522984442,0.0082001453644761,0.008351822973169437,0.008351822973169437,0.008688618923181419,0.008828353413080007,0.008969282214858067,0.009015860378157598,0.0090397466157471,0.00914962330865881,0.009241585323378394,0.00938848568455383,0.00941595485778176,0.009431480912214936,0.009480447699273415,0.009509111184380819,0.009558077971439297,0.009651234298038356,0.009726475946445289,0.00979694034733432,0.009826798144321197,0.009866210436343876,0.009892485297692329,0.00992353740655868,0.009998779054965613,0.010065660520216218,0.010115821619154173,0.010156428223056327,0.010187480331922679,0.010199423450717431,0.010217338128909558,0.010226892623945359,0.010273470787244887,0.010312883079267567,0.010340352252495494,0.01035826693068762,0.01037259867324132,0.010384541792036073,0.010433508579094553,0.010452617569166154,0.010476503806755655,0.010489641237429882,0.010501584356224634,0.010511138851260435,0.010518304722537284,0.010533830776970461,0.010570854445234189,0.010599517930341593,0.010613849672895293,0.010623404167931096,0.010623404167931096,0.010628181415448995,0.010646096093641122,0.010662816459953773,0.010677148202507475,0.010707005999494352,0.010710588935132777,0.010710588935132777,0.010720143430168578
Ireland,0.0,0.0,0.0,0.0,0.0,0.0,0.0,0.0,0.0,0.0,0.0,0.0,0.0,0.0,0.0,0.0,0.0,0.0,0.0,0.0,0.0,0.0,0.0,0.0,0.0,0.0,0.0,0.0,0.0,0.0,0.0,0.0,0.0,0.0,0.0,0.0,0.0,0.0,0.0,0.0,0.0,0.0,0.0,0.0,0.0,0.0,0.0,0.0,0.0,2.0298468683522515e-05,2.0298468683522515e-05,2.0298468683522515e-05,4.059693736704503e-05,4.059693736704503e-05,4.059693736704503e-05,4.059693736704503e-05,4.059693736704503e-05,6.089540605056754e-05,6.089540605056754e-05,6.089540605056754e-05,8.119387473409006e-05,0.00012179081210113508,0.0001420892807846576,0.00018268621815170264,0.00038567090498692775,0.0004465663110374953,0.0007307448726068106,0.0009337295594420358,0.0010961173089102157,0.0014411912765300986,0.0017253698380994137,0.0019892499309852067,0.0024358162420227017,0.002780890209642585,0.003207158051996557,0.0035319335509329175,0.004262678423539728,0.004770140140627791,0.005338497263766421,0.005825660512170962,0.006495509978727205,0.00677968854029652,0.007408941069485718,0.008241178285510142,0.009012520095483997,0.009865055780191943,0.010758188402266933,0.011590425618291357,0.012382065896948733,0.013945047985579969,0.014817882138971436,0.015609522417628812,0.016116984134716877,0.02058264724509183,0.021577272210584433,0.022064435458988976,0.02236891248924181,0.023525925204202595,0.024155177733391795,0.02500771341809974,0.025677562884655985,0.026103830727009957,0.02644890469462984,0.0267736801935662,0.027179649567236647,0.027910394439843455,0.02847875156298209,0.029006511748753672,0.029351585716373554,0.029595167340575827,0.029777853558727526,0.030204121401081502,0.030386807619233208,0.030569493837384908,0.03081307546158718,0.031117552491840016,0.031320537178675244,0.031401731053409335,0.03168590961497864,0.03188889430181387,0.03213247592601614,0.032315162144167846,0.03255874376837011,0.0326399376431042,0.03259934070573716,0.03278202692388886,0.033106802422825224,0.033269190172293406,0.03339098098439454,0.03351277179649567,0.033533070265179196,0.03349247332781215,0.03365486107728033,0.033675159545963854,0.03377665188938147,0.0338984427014826,0.03406083045095078,0.0340811289196343,0.03416232279436839,0.034324710543836574,0.034405904418570665,0.03456829216803884,0.03460888910540589,0.03460888910540589,0.034629187574089414,0.034629187574089414,0.03469008298013998,0.034710381448823505,0.034791575323557596,0.034791575323557596,0.03481187379224111,0.03481187379224111,0.034852470729608155,0.03491336613565873,0.03503515694775986,0.035055455416443386,0.03511635082249395,0.035197544697228036,0.03521784316591157,0.03521784316591157
Israel,0.0,0.0,0.0,0.0,0.0,0.0,0.0,0.0,0.0,0.0,0.0,0.0,0.0,0.0,0.0,0.0,0.0,0.0,0.0,0.0,0.0,0.0,0.0,0.0,0.0,0.0,0.0,0.0,0.0,0.0,0.0,0.0,0.0,0.0,0.0,0.0,0.0,0.0,0.0,0.0,0.0,0.0,0.0,0.0,0.0,0.0,0.0,0.0,0.0,0.0,0.0,0.0,0.0,0.0,0.0,0.0,0.0,0.0,0.0,1.1590918469015852e-05,1.1590918469015852e-05,1.1590918469015852e-05,3.4772755407047555e-05,5.795459234507926e-05,9.272734775212681e-05,0.00013909102162819022,0.00013909102162819022,0.00017386377703523776,0.00018545469550425363,0.00023181836938031703,0.00030136388019441217,0.00041727306488457066,0.00046363673876063406,0.0005100004126366974,0.0005679550049817767,0.0006606823527339035,0.0007534097004860303,0.0008461370482381571,0.0009968189883353632,0.001101137254556506,0.001170682765370601,0.0011938646023086326,0.0013445465424058388,0.0014256829716889497,0.0015068194009720606,0.001645910422600251,0.0017502286888213935,0.0019009106289185997,0.0019936379766707264,0.002051592569015806,0.0021327289982989166,0.002190683590643996,0.0022254563460510435,0.002248638182989075,0.0023065927753341546,0.0023297746122721862,0.0023645473676792337,0.002434092878493329,0.002492047470838408,0.002573183900121519,0.0026079566555285666,0.00265432032940463,0.0026890930848116777,0.002723865840218725,0.0027586385956257726,0.0027702295140947884,0.002781820432563804,0.0028397750249088837,0.0028629568618469153,0.0029209114541919948,0.0029904569650060896,0.0030136388019441213,0.003060002475820185,0.003071593394289201,0.0030831843127582166,0.003106366149696248,0.003152729823572312,0.003199093497448375,0.0032222753343864067,0.003233866252855423,0.003233866252855423,0.003233866252855423,0.003233866252855423,0.003233866252855423,0.0032570480897934546,0.0032570480897934546,0.0032570480897934546,0.003291820845200502,0.003291820845200502,0.003291820845200502,0.0033034117636695183,0.0033034117636695183,0.003361366356014597,0.003372957274483613,0.003372957274483613,0.003372957274483613,0.0034193209483596764,0.003454093703766724,0.003454093703766724,0.00346568462223574,0.00346568462223574,0.0034772755407047554,0.0034772755407047554,0.0034772755407047554,0.0034772755407047554,0.003500457377642787,0.003500457377642787,0.0035120482961118033,0.0035120482961118033,0.0035236392145808187,0.003535230133049835,0.0035468210515188507,0.003558411969987867,0.0035700028884568824,0.0035700028884568824,0.0035815938069258986,0.0036395483992709772,0.003674321154678025,0.003685912073147041,0.003697502991616057
Italy,0.0,0.0,0.0,0.0,0.0,0.0,0.0,0.0,0.0,0.0,0.0,0.0,0.0,0.0,0.0,0.0,0.0,0.0,0.0,0.0,0.0,0.0,0.0,0.0,0.0,0.0,0.0,0.0,0.0,0.0,1.6534549006286831e-06,3.3069098012573662e-06,4.9603647018860496e-06,1.1574184304400783e-05,1.6534549006286834e-05,1.9841458807544198e-05,2.8108733310687614e-05,3.472255291320235e-05,4.795019211823181e-05,5.621746662137523e-05,8.597965483269153e-05,0.00013062293714966597,0.0001769196743672691,0.00024471132529304515,0.0003257306154238506,0.0003852549918464832,0.0006051644936300981,0.0007655496189910803,0.0010433300422966992,0.0013674072028199212,0.0016799101790387421,0.002093273904195913,0.0023826285118059326,0.002991099915237288,0.003568155675556698,0.004138597616273594,0.004923988694072219,0.005630013936640667,0.006666730159334851,0.007977919895533396,0.009054319035842669,0.010048045431120508,0.01127656242228762,0.012405872119417011,0.013583132008664634,0.015102657062342394,0.016572578469001294,0.01782259037387658,0.019165195753187068,0.020549137505013273,0.02175119921777033,0.023007824942248126,0.024274371396129698,0.025400374183457836,0.026268438006287892,0.027320035323087737,0.028318722083067457,0.029214894639208205,0.030223502128591703,0.03116597142195005,0.03218946000543921,0.032902099067610165,0.033837954541366004,0.03483333439154447,0.03578903132410785,0.03665709514693791,0.0376078317147994,0.038404796976902425,0.039120742948874646,0.03987141147376007,0.04075435639069579,0.04147691618227052,0.04224411925616223,0.04293857031442628,0.043624754098187175,0.044054652372350636,0.04460525285425999,0.04523687262630014,0.04577093855920321,0.046242173205882385,0.0466869525741515,0.0474706901970495,0.047758391349758886,0.04808081505538148,0.04847103041192985,0.049081155270261835,0.04953420191303409,0.04993599145388686,0.05025676170460883,0.05052958176321257,0.05082555019042509,0.05110994443333323,0.05143236813895582,0.051865573322920536,0.05226570940887268,0.05251868800866886,0.052758438969260024,0.052922131004422265,0.053189990698324106,0.053456196937325326,0.053714135901823404,0.05392908503890513,0.054125846172079946,0.05420851891711138,0.05436063676796922,0.05448960625021826,0.05468306047359181,0.054798802316635815,0.054942652892990516,0.0551261863869603,0.05525019550450745,0.05534940279854517,0.05544034281807975,0.055557738116024394,0.055703242147279716,0.055843785813833154,0.05596283456667841,0.05605046767641174,0.056157942244952595,0.05628856518210227,0.0564059604800469,0.05649359358978022,0.05658618706421543,0.05671515654646446,0.05678790856209212,0.056830898389508465,0.05688711585612985,0.05695821441685688,0.057067342440298374,0.05714505482062793,0.05722607411075873,0.05726575702837382,0.05730378649108827,0.05733354867929959,0.0572822915773801,0.05733850904400148,0.05738811269102034,0.05740134033022536,0.057437716338039194,0.05744763706744297
Netherlands,0.0,0.0,0.0,0.0,0.0,0.0,0.0,0.0,0.0,0.0,0.0,0.0,0.0,0.0,0.0,0.0,0.0,0.0,0.0,0.0,0.0,0.0,0.0,0.0,0.0,0.0,0.0,0.0,0.0,0.0,0.0,0.0,0.0,0.0,0.0,0.0,0.0,0.0,0.0,0.0,0.0,0.0,0.0,0.0,5.838635300739346e-06,5.838635300739346e-06,1.7515905902218038e-05,1.7515905902218038e-05,2.3354541202957385e-05,2.9193176503696732e-05,2.9193176503696732e-05,5.8386353007393465e-05,7.006362360887215e-05,0.00011677270601478693,0.0001401272472177443,0.00025106131793179186,0.0003386408474428821,0.0004495749181569296,0.00062473397717911,0.0007998930362012904,0.0010509543541330824,0.00124946795435822,0.0016173019783047987,0.0020843928023639466,0.0025398063558216156,0.0031937335095044224,0.0037367265924731817,0.004507426452170776,0.005050419535139535,0.00607218071276892,0.006860396478368731,0.007829609938291465,0.008699566598101626,0.009668780058024358,0.010340223117609381,0.010941602553585535,0.012307843213958542,0.013166122603167227,0.01403024062767665,0.014713360957863152,0.015489899452861486,0.016038731171130985,0.01654085380699457,0.01725316731368477,0.018362508020825244,0.019425139645559805,0.02026590312886627,0.02109498934157126,0.021585434706833363,0.0219766232719829,0.022939998096604894,0.023751568403407662,0.024475559180699342,0.025129486334382146,0.02583012257047087,0.026221311135620408,0.026472372453552197,0.026752626947987686,0.027599229066594892,0.028089674431856993,0.02866186069132945,0.02921069240959895,0.029613558245349964,0.029765362763169188,0.03027332403433351,0.03048351490516013,0.03097979890572297,0.031394342012075464,0.03176801467132278,0.03187311010673609,0.031966528271547924,0.03228181457778785,0.03258542361342629,0.032748905401846995,0.03305835307278618,0.033215996225906146,0.03327438257891353,0.03335612347312389,0.033478734814439415,0.03367140977936381,0.033829052932483776,0.03390495519139338,0.03403924380331039,0.03410346879161852,0.03415017787402443,0.034301982391843656,0.03438956192135475,0.03457639825097841,0.03473988003939911,0.0348566527454139,0.034885845921917596,0.03492087773372203,0.03495007091022573,0.03500845726323312,0.035084359522142734,0.03517193905165382,0.03520697086345826,0.035218648134059734,0.03523616403996196,0.03532374356947304,0.03538796855778118,0.035399645828382655,0.03545219354608931,0.03547554808729227,0.03548722535789375,0.03552225716969818,0.03555145034620188,0.03557480488740484,0.03559815942860779,0.03561567533451001,0.03566238441691593,0.03566822305221667,0.03566822305221667,0.035697416228720365,0.035709093499321845,0.03572660940522406,0.03574412531112628,0.03575580258172776,0.03575580258172776,0.03576747985232923
Portugal,0.0,0.0,0.0,0.0,0.0,0.0,0.0,0.0,0.0,0.0,0.0,0.0,0.0,0.0,0.0,0.0,0.0,0.0,0.0,0.0,0.0,0.0,0.0,0.0,0.0,0.0,0.0,0.0,0.0,0.0,0.0,0.0,0.0,0.0,0.0,0.0,0.0,0.0,0.0,0.0,0.0,0.0,0.0,0.0,0.0,0.0,0.0,0.0,0.0,0.0,0.0,0.0,0.0,0.0,0.0,9.801451026412852e-06,1.9602902052825705e-05,2.9404353079238554e-05,5.880870615847711e-05,0.00011761741231695422,0.00013722031436977993,0.00022543337360749562,0.0003234478838716241,0.0004214623941357526,0.0005880870615847711,0.0007449102780073768,0.0009801451026412852,0.0011663726721431295,0.0013722031436977993,0.0015682321642260563,0.0018328713419392035,0.002048503264520286,0.0024111569524975615,0.002607185973025819,0.0028914280527917915,0.0030482512692143974,0.003381500604112434,0.003724551390036884,0.004008793469802856,0.004263631196489591,0.00460668198241404,0.0049399313173120775,0.005243776299130876,0.005557422731976088,0.0058710691648212986,0.006165112695613684,0.0064395533243532446,0.00673359685514563,0.006998236032858776,0.007204066504413446,0.007468705682126594,0.007694139055734088,0.008037189841658538,0.008370439176556575,0.00862527690324331,0.008850710276850806,0.009095746552511127,0.009291775573039384,0.009536811848699705,0.009693635065122311,0.009870061183597742,0.010026884400020348,0.010222913420548605,0.010418942441076861,0.010526758402367404,0.010673780167763595,0.010830603384186201,0.010918816443423917,0.01103643385574087,0.011124646914978588,0.011212859974216303,0.011399087543718147,0.011516704956035101,0.011604918015272817,0.011663726721431294,0.01179114558477466,0.011938167350170854,0.012065586213514222,0.012222409429936828,0.012379232646359432,0.01251645296072921,0.012634070373046168,0.012761489236389534,0.012898709550759313,0.013035929865129093,0.013153547277446049,0.013290767591815827,0.013418186455159195,0.013555406769528974,0.01368282563287234,0.013820045947242121,0.013957266261611902,0.014074883673928857,0.014182699635219398,0.0142611112434307,0.014359125753694829,0.014447338812932545,0.01449634606806461,0.014555154774223086,0.014623764931407976,0.01467277218654004,0.01474138234372493,0.014751183794751342,0.014819793951936232,0.014868801207068297,0.014898205560147535,0.01491780846220036,0.014927609913226773,0.014937411364253188,0.014966815717332426,0.014976617168358837,0.014996220070411664,0.015035425874517316,0.015094234580675792,0.01512363893375503,0.015182447639913508,0.015241256346071985,0.015300065052230463,0.0153294694053097,0.015368675209415351
Romania,0.0,0.0,0.0,0.0,0.0,0.0,0.0,0.0,0.0,0.0,0.0,0.0,0.0,0.0,0.0,0.0,0.0,0.0,0.0,0.0,0.0,0.0,0.0,0.0,0.0,0.0,0.0,0.0,0.0,0.0,0.0,0.0,0.0,0.0,0.0,0.0,0.0,0.0,0.0,0.0,0.0,0.0,0.0,0.0,0.0,0.0,0.0,0.0,0.0,0.0,0.0,0.0,0.0,0.0,0.0,0.0,0.0,0.0,0.0,0.0,1.5574115632928685e-05,3.6339603143500265e-05,5.7105090654071844e-05,8.825332191992921e-05,0.00011940155318578658,0.00013497566881871527,0.0001920807594727871,0.00022322899073864448,0.0003374391720467882,0.0004256924939667174,0.00047760621274314634,0.0005970077659289329,0.0006904524597265051,0.0007579402941358626,0.0007838971535240771,0.0009136814504651495,0.0010227002598956504,0.001142101813081437,0.001287460225655438,0.0014016704069635818,0.0015106892163940823,0.001640473513335155,0.001718344091499798,0.001822171529052656,0.001931190338483157,0.002035017776036015,0.0021336538417112295,0.0021855675604876587,0.0023413087168169455,0.0024814757575133037,0.0025853031950661617,0.002720278863884877,0.002829297673315378,0.0029435078546235214,0.0031200144984633803,0.003213459192260952,0.0033276693735690955,0.0034418795548772393,0.003597620711206526,0.003722213636269956,0.003862380676966314,0.004002547717662672,0.004101183783337887,0.004246542195911888,0.004365943749097674,0.004485345302283461,0.0046099382273468905,0.004791636243064392,0.0048746981931066784,0.004988908374414822,0.005097927183845323,0.005201754621398181,0.0053782612652380395,0.0054665145871579685,0.0055547679090778975,0.005679360834141327,0.005746848668550685,0.005814336502960042,0.005902589824879971,0.0059545035436564,0.006001225890555187,0.0060531396093316155,0.006105053328108045,0.006151775675006831,0.006255603112559688,0.00631270820321376,0.006369813293867832,0.006411344268888975,0.006478832103298334,0.006535937193952404,0.006572276797095905,0.006624190515872335,0.006686486978404049,0.006728017953425192,0.006774740300323977,0.00683184539097805,0.006862993622243908,0.00692009871289798,0.006951246944163836,0.00702911752232848,0.007060265753594338,0.007106988100493123,0.007164093191147195,0.007236772397434195,0.007319834347476482,0.007408087669396411,0.00746000138817284,0.007532680594459841,0.0076468907757679845,0.0077039958664220564,0.007787057816464342,0.007849354278996057,0.00790645936965013,0.007989521319692414,0.008072583269734701,0.00812449698851113,0.008197176194798131,0.008249089913574559,0.008368491466760346,0.00848270164806849
Serbia,0.0,0.0,0.0,0.0,0.0,0.0,0.0,0.0,0.0,0.0,0.0,0.0,0.0,0.0,0.0,0.0,0.0,0.0,0.0,0.0,0.0,0.0,0.0,0.0,0.0,0.0,0.0,0.0,0.0,0.0,0.0,0.0,0.0,0.0,0.0,0.0,0.0,0.0,0.0,0.0,0.0,0.0,0.0,0.0,0.0,0.0,0.0,0.0,0.0,0.0,0.0,0.0,0.0,0.0,0.0,0.0,0.0,0.0,1.1436036873442412e-05,1.1436036873442412e-05,2.2872073746884824e-05,3.4308110620327234e-05,3.4308110620327234e-05,4.574414749376965e-05,1.1436036873442412e-05,1.1436036873442412e-05,0.00011436036873442412,0.00014866847935475136,0.0001829765899750786,0.0001829765899750786,0.0003202090324563875,0.00035451714307671475,0.00044600543806425406,0.0005031856224314661,0.000583237880545563,0.0006632901386596599,0.0006975982492799871,0.0007433423967737568,0.0007547784336471992,0.0008119586180144112,0.0008462667286347385,0.000914882949875393,0.000972063134242605,0.0010749874661035866,0.0011321676504707989,0.0011779117979645684,0.0012579640560786655,0.0013380163141927623,0.0013951964985599741,0.0014295046091803015,0.0014866847935475136,0.001532428941041283,0.001589609125408495,0.001646789309775707,0.0017268415678898042,0.0017840217522570162,0.0018526379734976708,0.0019212541947383254,0.001978434379105537,0.002047050600346192,0.002047050600346192,0.002161410969080616,0.0022071551165743857,0.002252899264068155,0.0022872073746884824,0.0023215154853088098,0.0023558235959291367,0.002390131706549464,0.002458747927790119,0.002458747927790119,0.0024930560384104454,0.002515928112157331,0.0025388001859042155,0.0025616722596511,0.0025731082965245425,0.00260741640714487,0.0026302884808917545,0.0026417245177651973,0.0026760326283855247,0.0026874686652589666,0.0027103407390058516,0.0027103407390058516,0.002721776775879294,0.002721776775879294,0.0027332128127527367,0.0027332128127527367,0.0027446488496261786,0.0027560848864996213,0.0027675209233730637,0.0027675209233730637,0.002778956960246506,0.0027903929971199483,0.002801829033993391,0.002801829033993391,0.0028132650708668334,0.0028247011077402757,0.002836137144613718,0.0028475731814871603,0.002859009218360603,0.002859009218360603,0.0028704452552340454,0.0028818812921074877,0.0028818812921074877,0.0028933173289809305,0.0029047533658543723,0.002916189402727815,0.0029276254396012574,0.0029390614764746997,0.0029504975133481425,0.0029619335502215844,0.002973369587095027,0.0029848056239684694,0.0029962416608419118,0.0030076776977153545,0.0030076776977153545,0.003019113734588797,0.003030549771462239,0.003053421845209124,0.003087729955829451,0.003133474103323221
South Korea,0.0,0.0,0.0,0.0,0.0,0.0,0.0,0.0,0.0,0.0,0.0,0.0,0.0,0.0,0.0,0.0,0.0,0.0,0.0,0.0,0.0,0.0,0.0,0.0,0.0,0.0,0.0,0.0,0.0,1.9508238280255157e-06,3.901647656051031e-06,3.901647656051031e-06,1.1704942968153094e-05,1.5606590624204125e-05,1.9508238280255157e-05,2.3409885936306188e-05,2.5360709764331704e-05,2.5360709764331704e-05,3.121318124840825e-05,3.316400507643376e-05,5.462306718471444e-05,5.462306718471444e-05,6.827883398089304e-05,6.827883398089304e-05,8.193460077707165e-05,8.583624843312269e-05,9.754119140127578e-05,0.00010339366288535231,0.00010534448671337784,0.00011704942968153094,0.00012875437264968403,0.00012875437264968403,0.00014045931561783713,0.00014631178710191366,0.00014631178710191366,0.00015801673007006677,0.0001638692015541433,0.00017752496835032191,0.00018337743983439848,0.00019898403045860258,0.00021654144491083221,0.00021654144491083221,0.00023409885936306188,0.000245803802331215,0.00025555792147134254,0.00027116451209554664,0.00028091863123567426,0.00029652522185987835,0.0003082301648280315,0.00031603346014013353,0.00032188593162421007,0.0003296892269363121,0.00033944334607643973,0.00034529581756051627,0.00035700076052866934,0.0003628532320127459,0.000374558174980899,0.0003901647656051031,0.00039796806091720515,0.00040577135622930726,0.00041162382771338385,0.00041747629919746033,0.0004233287706815369,0.00043308288982166443,0.000438935361305741,0.000446738656617843,0.0004486894804458686,0.0004525911281019196,0.0004564927757579707,0.0004603944234140217,0.00046234524724204717,0.0004642960710700727,0.00046819771872612376,0.00046819771872612376,0.0004720993663821748,0.0004740501902102003,0.00047600101403822586,0.00047990266169427683,0.00048185348552230234,0.00048380430935032786,0.00048770595700637894,0.00048770595700637894,0.00049160760466243,0.000495509252318481,0.0004974600761465064,0.000499410899974532,0.000499410899974532,0.000499410899974532,0.000499410899974532,0.000499410899974532,0.000503312547630583,0.0005052633714586086,0.0005072141952866341,0.0005072141952866341,0.0005111158429426851,0.0005111158429426851,0.0005130666667707105,0.0005130666667707105,0.0005130666667707105,0.0005150174905987361,0.0005150174905987361,0.0005189191382547871,0.0005189191382547871,0.0005208699620828127,0.0005247716097388637,0.0005247716097388637,0.0005247716097388637,0.0005247716097388637,0.0005247716097388637,0.0005267224335668892,0.0005286732573949147,0.0005306240812229402,0.0005325749050509658,0.0005325749050509658,0.0005325749050509658,0.0005325749050509658,0.0005325749050509658,0.0005325749050509658,0.0005345257288789912,0.0005384273765350424,0.0005384273765350424,0.0005403782003630678,0.0005403782003630678,0.0005403782003630678,0.0005403782003630678,0.0005423290241910933,0.0005442798480191188,0.0005462306718471443,0.0005462306718471443,0.0005462306718471443,0.0005462306718471443,0.0005462306718471443,0.0005481814956751699,0.0005481814956751699,0.0005501323195031954,0.0005501323195031954,0.0005501323195031954,0.0005501323195031954,0.0005501323195031954,0.0005501323195031954
Spain,0.0,0.0,0.0,0.0,0.0,0.0,0.0,0.0,0.0,0.0,0.0,0.0,0.0,0.0,0.0,0.0,0.0,0.0,0.0,0.0,0.0,0.0,0.0,0.0,0.0,0.0,0.0,0.0,0.0,0.0,0.0,0.0,0.0,0.0,0.0,0.0,0.0,0.0,0.0,0.0,0.0,2.138983672602881e-06,4.277967345205762e-06,6.416951017808643e-06,1.0694918363014405e-05,2.138983672602881e-05,3.636272243424898e-05,5.989154283288067e-05,7.486442854110083e-05,0.00011550511832055558,0.00011764410199315845,0.0002844848284561832,0.0004171018161575618,0.0006181662813822326,0.0007315324160301854,0.0011400782974973355,0.001332586828031595,0.0017753564482603913,0.002230959970524805,0.0029411025498289616,0.003790279067852305,0.0049431912673852585,0.00600626615266889,0.007800873453982708,0.009336663730911576,0.010990098109833604,0.012795400329510435,0.014551505924717401,0.01650439801780383,0.018104357804910785,0.020078639734723246,0.022134203044094615,0.023952339165807062,0.02555443793658662,0.02703889260537302,0.02853618117619504,0.030042025681707465,0.031639846485141815,0.033040880790696704,0.034396996439126935,0.03551996286724344,0.03680977002182298,0.037979794090736756,0.03862148919251762,0.0400161065470547,0.041314469636324645,0.04278395141940283,0.04287164974997955,0.04374863305574673,0.044602087541115276,0.045521850520334514,0.04645230841791677,0.04739346123386204,0.048178468241707295,0.04898700406995118,0.04960303136766081,0.050311034963292374,0.05095486904874583,0.05192382865243494,0.052497076276692506,0.052497076276692506,0.05368849018233231,0.054039283504639185,0.054390076826946056,0.0547857888063776,0.05530770082249269,0.05576330434475711,0.05625313160578317,0.056636009683179084,0.056941884348361296,0.05720497934009146,0.05758144046646956,0.057975013462228484,0.05843917291918332,0.05873435266600251,0.05895680696795322,0.05895680696795322,0.05926909858415323,0.05941668845756283,0.059651976661549144,0.0597632038125245,0.061234824579275274,0.06134177376290542,0.06150005855467804,0.057397487870625714,0.058002820249972324,0.058002820249972324,0.058007098217317525,0.05801137618466274,0.05801993211935315,0.05802421008669835,0.05802421008669835,0.05802421008669835,0.05802634907037096,0.05803704398873397,0.05803918297240658,0.058041321956079174,0.05804346093975178,0.05804346093975178,0.05804346093975178,0.05804346093975178,0.05804346093975178,0.05804346093975178,0.05804346093975178,0.05804346093975178,0.05804346093975178,0.05804346093975178,0.05804346093975178,0.05804346093975178,0.06056532268975058,0.0605802955754588,0.060582434559131405,0.060584573542804,0.060586712526476606,0.06059099049382182,0.06059740744483962,0.06061451931422045,0.060620936265238255,0.060625214232583456,0.06063163118360127
Sweden,0.0,0.0,0.0,0.0,0.0,0.0,0.0,0.0,0.0,0.0,0.0,0.0,0.0,0.0,0.0,0.0,0.0,0.0,0.0,0.0,0.0,0.0,0.0,0.0,0.0,0.0,0.0,0.0,0.0,0.0,0.0,0.0,0.0,0.0,0.0,0.0,0.0,0.0,0.0,0.0,0.0,0.0,0.0,0.0,0.0,0.0,0.0,0.0,0.0,9.914211337872258e-06,9.914211337872258e-06,9.914211337872258e-06,1.9828422675744517e-05,2.9742634013616775e-05,5.948526802723355e-05,6.93994793651058e-05,9.914211337872257e-05,0.00010905632471659483,0.00015862738140595613,0.00019828422675744514,0.0002081984380953174,0.00024785528344680645,0.00035691160816340127,0.00061468110294808,0.0007633942730161639,0.0010409921904765871,0.0010409921904765871,0.0010905632471659484,0.0014474748553293497,0.0017845580408170061,0.0023694965097514693,0.0030535770920646554,0.0035492876589582685,0.0036980008290263522,0.0039755987464867755,0.004729078808165066,0.005859298900682504,0.006811063189118241,0.0078619695909327,0.008625363863948864,0.008793905456692694,0.00891287599274716,0.009111160219504604,0.010241380312022041,0.011926796239460325,0.01321564371338372,0.01387989587302116,0.014980373331524981,0.015267885460323278,0.015664453913838167,0.017498583011344535,0.019203827361458564,0.02003662111383983,0.021335382799101098,0.02173195125261599,0.021751779675291735,0.022544916582321516,0.023347967700689167,0.0244087883138415,0.025638150519737658,0.026302402679375097,0.026461030060781054,0.026560172174159777,0.027452451194568277,0.028295159158287425,0.02915769554468231,0.030139202467131664,0.03147762099774442,0.031923760507948665,0.03197333156463803,0.03228067211611207,0.032845782162370794,0.03430317122903801,0.0349872518113512,0.03614721453788225,0.036424812455342674,0.036474383512032034,0.03666275352745161,0.03710889303765586,0.03798134363538862,0.03837791208890351,0.03891327950114861,0.03957753166078606,0.03963701692881329,0.039944357480287324,0.04089612176872306,0.04183797184582093,0.04229402556736305,0.04312681931974432,0.04357295882994857,0.04357295882994857,0.04365227252065155,0.04429669625761325,0.045030347896615794,0.04522863212337324,0.045992026396389406,0.04616056798913323,0.04619031062314685,0.04653730801997238,0.046765334880743435,0.04753864336509747,0.04772701338051705,0.04812358183403194,0.048321866060789385,0.048321866060789385,0.04849040765353321,0.04896628979775108,0.049977539354214055,0.05009650989026852,0.05061204887983787,0.05065170572518936,0.050671534147865106,0.0507805904725817,0.05116724471475872,0.05164312685897659,0.05185132529707191,0.052347035863965524,0.052347035863965524,0.052347035863965524,0.05264446220410168
Switzerland,0.0,0.0,0.0,0.0,0.0,0.0,0.0,0.0,0.0,0.0,0.0,0.0,0.0,0.0,0.0,0.0,0.0,0.0,0.0,0.0,0.0,0.0,0.0,0.0,0.0,0.0,0.0,0.0,0.0,0.0,0.0,0.0,0.0,0.0,0.0,0.0,0.0,0.0,0.0,0.0,0.0,0.0,0.0,1.1571682057389527e-05,1.1571682057389527e-05,1.1571682057389527e-05,2.3143364114779054e-05,2.3143364114779054e-05,3.471504617216858e-05,4.628672822955811e-05,4.628672822955811e-05,0.00012728850263128477,0.00015043186674606383,0.00016200354880345337,0.00016200354880345337,0.0003124354155495172,0.00032400709760690673,0.0004744389643529705,0.0006248708310990345,0.0008678761543042144,0.0011340248416241735,0.001388601846886743,0.001411745211001522,0.0017704673547805974,0.0022101912729613994,0.0026730585552569804,0.0030549240631508345,0.0034715046172168577,0.00415423385860284,0.005010538330849665,0.005646980844006088,0.006202421582760786,0.00683886409591721,0.007706740250221424,0.008273752671033512,0.008852336773902987,0.0095003509691168,0.010356655441363626,0.01096995459040527,0.011594825421504305,0.011988262611455549,0.012798280355472817,0.013168574181309282,0.013585154735375304,0.01433731406910562,0.01482332471551598,0.015355622090155901,0.015830061054508873,0.01611935310594361,0.016535933660009633,0.017102946080821718,0.017461668224600796,0.017924535506896374,0.018387402789191955,0.01850311960976585,0.018630408112397138,0.01926685062555356,0.019660287815504805,0.019857006410480427,0.020100011733685606,0.02029673032866123,0.020389303785120345,0.020389303785120345,0.020643880790382912,0.0207711692930142,0.020886886113588094,0.020944744523875042,0.021095176390621105,0.021176178165022833,0.021210893211195,0.021349753395883676,0.021604330401146246,0.021639045447318414,0.021662188811433194,0.02173161890377753,0.021743190585834918,0.021766333949949698,0.021824192360236645,0.021882050770523593,0.02189362245258098,0.02196305254492532,0.022020910955212268,0.022044054319327048,0.022055626001384436,0.022136627775786163,0.022159771139900943,0.02218291450401572,0.0222060578681305,0.0222060578681305,0.0222060578681305,0.022217629550187887,0.022217629550187887,0.022217629550187887,0.02222920123224528,0.02222920123224528,0.02222920123224528,0.02222920123224528,0.02222920123224528,0.02225234459636006,0.022379633098991342,0.022402776463106122,0.022414348145163514,0.022425919827220902,0.022425919827220902,0.022425919827220902,0.02243749150927829,0.022611066740139133,0.022634210104253913,0.022634210104253913,0.022634210104253913,0.022634210104253913,0.022634210104253913,0.022634210104253913,0.022634210104253913,0.02265735346836869,0.02265735346836869,0.02270364019659825,0.02270364019659825,0.02270364019659825,0.02270364019659825
United Kingdom,0.0,0.0,0.0,0.0,0.0,0.0,0.0,0.0,0.0,0.0,0.0,0.0,0.0,0.0,0.0,0.0,0.0,0.0,0.0,0.0,0.0,0.0,0.0,0.0,0.0,0.0,0.0,0.0,0.0,0.0,0.0,0.0,0.0,0.0,0.0,0.0,0.0,0.0,0.0,0.0,0.0,0.0,0.0,0.0,1.474619628502616e-06,2.949239257005232e-06,2.949239257005232e-06,4.423858885507848e-06,1.0322337399518313e-05,1.0322337399518313e-05,1.3271576656523544e-05,1.4746196285026162e-05,4.128934959807325e-05,6.340864402561249e-05,9.732489548117267e-05,0.00012091880953721451,0.00017105587690630347,0.00023446452093191594,0.00028755082755801015,0.00037012952675415664,0.0004217412137517482,0.0005308630662609418,0.0007505813909078316,0.0010248606418093182,0.0012961906534537995,0.0017149826279485424,0.0021485207987283115,0.0024655640188563743,0.0030170717599163526,0.003581851077632854,0.00457132084835811,0.0055327728461418155,0.0065871258805211864,0.007709311417811677,0.008661915697824367,0.00950392350569936,0.011034578680085077,0.012562284615213786,0.014190264685080674,0.01589050111674419,0.017129181604686388,0.018140770669839185,0.019239362293073634,0.020784763663744373,0.022032291869457588,0.02355557394570079,0.02493581791797924,0.02658444266264516,0.02732027785726797,0.028153437947371948,0.029881692151977016,0.03113069497731873,0.03220569268649714,0.033699482370170286,0.03494406133662649,0.03556340158059759,0.036066246873916984,0.03740962535548287,0.03858489719939945,0.03958174006826722,0.04067443321298766,0.041591646621916285,0.04205615180489461,0.042482316877531866,0.04350275366045568,0.04445978179935388,0.04525460177911678,0.04617918828618793,0.046689406677649835,0.04708460473808853,0.047395749479702584,0.04832181060640223,0.049051747322511025,0.049684359143138644,0.05025208770011215,0.05094220968625137,0.05119289502309682,0.05142883416365723,0.05223397648081966,0.05277073802559462,0.0532691594600285,0.053786750949632915,0.05420259368487066,0.05437659880103397,0.05455502777608278,0.054752626806302135,0.05536017009324521,0.0559161016931907,0.05639387845282554,0.056710921672953614,0.05687755369097441,0.05769744220442186,0.058176693583685206,0.058706082030317644,0.05896561508493411,0.05949205429230955,0.059792876696524076,0.059906422407918776,0.059987526487486426,0.06041221694049518,0.060773498749478315,0.06099616631338221,0.06129403947833974,0.06156094563109872,0.061614031937724814,0.061670067483607906,0.06201365385704902,0.062284983868693494,0.06248405751854135,0.06273916671427231,0.06292791802672064,0.06299132667074625,0.06301197134554529,0.06342486484152601,0.06365195626431541,0.06387167458896231,0.06414300460060679,0.06429046656345706,0.06434355287008316,0.06438041836079572
United States,0.0,0.0,0.0,0.0,0.0,0.0,0.0,0.0,0.0,0.0,0.0,0.0,0.0,0.0,0.0,0.0,0.0,0.0,0.0,0.0,0.0,0.0,0.0,0.0,0.0,0.0,0.0,0.0,0.0,0.0,0.0,0.0,0.0,0.0,0.0,0.0,0.0,0.0,3.0247066813381074e-07,3.0247066813381074e-07,1.8148240088028642e-06,2.117294676936675e-06,3.327177349471918e-06,3.6296480176057285e-06,4.23458935387335e-06,5.142001358274782e-06,6.351884030810026e-06,6.654354698943836e-06,8.4691787077467e-06,9.679061380281944e-06,1.3006238729753861e-05,1.5728474742958157e-05,1.784576941989483e-05,2.1777888105634374e-05,3.0247066813381074e-05,4.0531069529930636e-05,5.7771897613557856e-05,8.136460972799508e-05,0.00011070426453697473,0.00013792662466901768,0.00018148240088028644,0.0002371370038169076,0.00030821761082835313,0.0004019835179498345,0.0005250890798802954,0.0006908430060176237,0.000883516821618861,0.0010725609892024927,0.0013163523477183442,0.001684156680169058,0.0020528684246241733,0.0025253276082491858,0.0029176320648187383,0.0033005599306761423,0.0037273460434129498,0.004230052293851342,0.0049272471838997765,0.005556083702949969,0.006174938689951746,0.006801355443656868,0.007409926427942095,0.007936225390494926,0.008480067651799518,0.009203879960643728,0.009964593691000261,0.010595849975395524,0.011379249005862093,0.012088542722635879,0.012446063052370043,0.012981436134966889,0.013706155855815501,0.014412424865907946,0.015114156815978387,0.01565164719325217,0.016337953139247786,0.016684886995597267,0.017090197690896574,0.01773446021402159,0.018526933364532174,0.019143671056857013,0.019734093801054214,0.020165114503144895,0.02056498072641779,0.020942161649580654,0.021592473586068348,0.022314773541571888,0.022983536188815743,0.023439964427029662,0.02393208420408337,0.02415409767449359,0.024505568590865077,0.025017046490679352,0.025544252865236584,0.026081743242510363,0.026575677843572877,0.026945297000032394,0.027189995770552648,0.027428947598378356,0.027903524076680303,0.0283641869042481,0.028740762886074696,0.029126715458613436,0.02946245790024197,0.029653921833170668,0.02980576210857384,0.03001688663493124,0.030472104990472627,0.030832952497556264,0.031188658003281626,0.03147328290199554,0.0316562776562165,0.031889482541347665,0.03220132980019362,0.03249865846696916,0.032811715608487654,0.03310511215657745,0.03330927985756777,0.03344569412889612,0.033594812168286095,0.03388094942034067,0.034159524905691914,0.03442811885899474,0.03468400904423594,0.03491600404669458,0.03500553536446218,0.035125011278375036,0.0353778767569349,0.0356059396407078,0.03582220616842347,0.036031515870772066,0.036211788388979815,0.03629012829202648,0.03641807338464708,0.036668821568530005,0.0368968844523029,0.037630375822527394,0.03782062987278356,0.03797186520685046,0.038051717463237794,0.03815365007839888
